px,py,vx,vy,px_measured,py_measured,gt_px,gt_py,gt_vx,gt_vy
0.312243,0.58034,0,0,0.312243,0.58034,0.6,0.6,5.19994,0
0.757262,0.6538,7.21784,3.58677e-19,0.862916,0.534212,0.859997,0.600045,5.19975,0.00179686
1.15304,0.504911,7.05314,-1.57,1.17385,0.481073,1.11998,0.600225,5.19943,0.00538996
1.25889,0.541021,7.1975,0.1976,0.969149,0.397513,1.37996,0.600629,5.19898,0.0107781
1.62092,0.581609,7.17504,0.655885,1.65063,0.62469,1.6399,0.601347,5.19839,0.0179597
1.8548,0.558507,6.00209,-0.0593116,1.62331,0.499091,1.89982,0.60247,5.19766,0.0269323
2.16547,0.579983,5.9931,0.0399624,2.18882,0.648739,2.1597,0.604086,5.19678,0.0376932
2.38065,0.633288,5.57372,0.229915,1.96701,0.557117,2.41954,0.606284,5.19573,0.0502389
2.65657,0.648517,5.57022,0.19364,2.65526,0.66598,2.67932,0.609155,5.1945,0.0645654
2.92201,0.646154,5.50601,0.00147819,2.92034,0.645898,2.93904,0.612786,5.19309,0.080668
3.15679,0.643673,5.45924,-0.0435826,3.01222,0.637046,3.19869,0.617267,5.19147,0.0985415
3.44219,0.541894,5.43284,-0.82759,3.56096,0.485311,3.45825,0.622685,5.18963,0.11818
3.74584,0.431177,5.37061,-1.47686,3.89365,0.311793,3.71772,0.62913,5.18754,0.139576
4.02548,0.5154,5.48745,-0.734812,4.19786,0.698311,3.97708,0.636689,5.18519,0.162724
4.29915,0.509628,5.47454,-0.683049,4.30935,0.578564,4.23632,0.645449,5.18256,0.187614
4.55786,0.549798,5.39286,-0.428523,4.61908,0.68951,4.49542,0.655498,5.17962,0.214238
4.74354,0.660797,5.22608,0.129526,4.35143,0.899174,4.75437,0.666921,5.17634,0.242587
4.99457,0.661006,5.14012,0.0910223,5.20901,0.66599,5.01315,0.679804,5.1727,0.272649
5.29434,0.655797,5.2054,0.038285,5.51894,0.648233,5.27175,0.694234,5.16867,0.304413
5.55336,0.662491,5.26003,0.056409,5.22834,0.639362,5.53013,0.710295,5.16422,0.337868
5.84775,0.67702,5.30395,0.0861322,6.022,0.708619,5.78828,0.728072,5.15932,0.372999
6.0892,0.605468,5.2003,-0.185595,5.89392,0.373584,6.04618,0.747647,5.15393,0.409793
6.343,0.716769,5.17791,0.187804,6.34249,0.948833,6.30379,0.769103,5.14803,0.448233
6.59279,0.748493,5.12969,0.258818,6.62134,0.836138,6.5611,0.792523,5.14157,0.488305
6.83901,0.74655,5.11793,0.223513,6.78214,0.714036,6.81808,0.817988,5.13452,0.52999
7.08052,0.731424,5.00802,0.147848,7.29121,0.630741,7.07469,0.845578,5.12685,0.573269
7.29757,0.812879,4.94815,0.351302,7.13735,0.957217,7.3309,0.875373,5.11851,0.618123
7.5927,0.824245,5.11832,0.353684,8.08349,0.819605,7.58668,0.907449,5.10946,0.664531
7.84331,0.80351,5.11525,0.265483,7.80533,0.719126,7.84199,0.941886,5.09966,0.712469
8.09186,0.821487,5.0306,0.277973,8.40453,0.884557,8.0968,0.978759,5.08907,0.761915
8.32832,0.83834,5.00804,0.292831,8.24796,0.840322,8.35106,1.01814,5.07766,0.812843
8.59985,0.922498,5.14418,0.476148,8.45858,1.41118,8.60472,1.06011,5.06537,0.865226
8.83823,0.979646,5.10915,0.570819,8.74615,1.04858,8.85775,1.10473,5.05216,0.919037
9.12917,1.01723,5.17427,0.612827,9.8809,1.1419,9.1101,1.15208,5.03798,0.974245
9.36724,1.05057,5.14089,0.639961,9.25579,1.04913,9.36172,1.20223,5.0228,1.03082
9.64799,1.11962,5.19126,0.746309,10.1016,1.52474,9.61255,1.25524,5.00656,1.08873
9.92442,1.24211,5.19504,0.958652,10.0484,1.44598,9.86254,1.31118,4.98922,1.14794
10.1722,1.32389,5.07026,1.05004,10.5377,1.72555,10.1117,1.37011,4.97074,1.20841
10.3968,1.40458,5.0128,1.14316,10.2492,1.45907,10.3598,1.4321,4.95106,1.2701
10.6279,1.47895,4.86182,1.1963,10.9084,1.70343,10.6069,1.49721,4.93014,1.33298
10.8505,1.51683,4.82622,1.19193,10.7313,1.45265,10.853,1.56549,4.90794,1.39701
11.1176,1.56729,4.89455,1.22042,11.4783,1.42876,11.0979,1.637,4.8844,1.46213
11.3969,1.621,4.93867,1.24449,11.587,1.61462,11.3416,1.71179,4.85948,1.52832
11.6275,1.67498,4.871,1.2573,11.4763,1.53917,11.584,1.78992,4.83313,1.59551
11.8562,1.74249,4.83914,1.30135,11.7788,1.74591,11.8251,1.87144,4.80531,1.66366
12.1145,1.82857,4.90952,1.3909,12.136,2.14937,12.0647,1.95639,4.77598,1.73273
12.356,1.86698,4.89821,1.36745,12.3226,1.78353,12.3029,2.04482,4.74508,1.80265
12.6128,1.92986,4.96108,1.40262,12.5457,1.77728,12.5394,2.13677,4.71257,1.87338
12.8152,2.05591,4.87328,1.54564,12.5924,2.17509,12.7743,2.23227,4.67842,1.94485
13.0849,2.16071,4.96947,1.65748,13.2198,2.6644,13.0075,2.33137,4.64258,2.01701
13.291,2.29649,4.87978,1.80149,13.0875,2.40708,13.2388,2.43409,4.605,2.08981
13.4716,2.42119,4.65122,1.88029,12.7087,3.12439,13.4682,2.54047,4.56565,2.16317
13.7216,2.54432,4.65042,1.98592,13.836,2.62479,13.6955,2.65053,4.52448,2.23703
13.9425,2.64845,4.58911,2.03819,13.8302,2.73893,13.9208,2.7643,4.48147,2.31134
14.1726,2.80505,4.55294,2.19313,14.2106,2.94205,14.1439,2.88179,4.43656,2.38601
14.4238,2.91563,4.62736,2.27189,14.5568,2.87021,14.3646,3.00303,4.38974,2.46099
14.6272,3.00041,4.56662,2.26764,14.4616,2.90734,14.583,3.12802,4.34097,2.5362
14.8615,3.14811,4.58575,2.40151,14.6754,3.96041,14.7989,3.25679,4.29021,2.61157
15.0729,3.33975,4.50857,2.59351,15.0261,3.5067,15.0122,3.38932,4.23744,2.68703
15.2866,3.49384,4.39738,2.67887,15.3685,4.14761,15.2228,3.52563,4.18263,2.76249
15.5019,3.68663,4.33352,2.85188,15.5236,3.82936,15.4306,3.66572,4.12575,2.83789
15.7135,3.81635,4.2769,2.8842,15.7234,3.4105,15.6355,3.80957,4.06678,2.91315
15.9329,3.97163,4.24029,2.96732,15.9774,4.00094,15.8375,3.95719,4.00571,2.98817
16.1304,4.12283,4.10279,3.00097,16.3376,4.21632,16.0363,4.10854,3.94251,3.0629
16.3276,4.324,4.02849,3.1585,16.3313,4.44499,16.2319,4.26363,3.87716,3.13723
16.5388,4.48436,3.99982,3.23034,16.7586,4.48231,16.4242,4.42242,3.80966,3.21109
16.7146,4.66001,3.90742,3.31726,16.6039,4.67344,16.613,4.5849,3.74,3.28438
16.8724,4.83085,3.67497,3.32137,16.9236,5.10119,16.7983,4.75103,3.66817,3.35704
17.0364,5.06208,3.56478,3.50193,16.9955,5.21099,16.9799,4.92077,3.59416,3.42897
17.2082,5.22161,3.47349,3.522,17.3421,4.64623,17.1579,5.09409,3.51797,3.50008
17.3636,5.41332,3.37668,3.61054,17.2894,5.43542,17.3319,5.27094,3.4396,3.57028
17.5218,5.57107,3.27068,3.60869,17.6463,4.74597,17.5019,5.45128,3.35907,3.63949
17.7057,5.71218,3.24846,3.59762,17.7853,5.62476,17.6679,5.63506,3.27637,3.70762
17.8538,5.89472,3.11606,3.62634,17.9216,6.07151,17.8297,5.82221,3.19151,3.77458
18.0234,6.09838,3.06469,3.72413,18.1263,6.16985,17.9872,6.01269,3.10453,3.84027
18.1763,6.29873,2.99437,3.80643,18.1245,6.79027,18.1402,6.20641,3.01542,3.90462
18.2982,6.54339,2.86208,3.9574,18.2164,6.66138,18.2888,6.40332,2.92421,3.96753
18.4336,6.74824,2.75502,4.01169,18.4022,7.02231,18.4328,6.60333,2.83093,4.0289
18.5735,6.89807,2.69969,3.97146,18.5422,6.76013,18.572,6.80638,2.7356,4.08867
18.723,7.10508,2.67781,4.06343,18.8089,7.24388,18.7064,7.01237,2.63825,4.14672
18.9104,7.25988,2.70306,4.02507,19.1441,7.18344,18.8359,7.22122,2.53893,4.20299
19.0038,7.4509,2.51569,4.00376,18.5479,7.4012,18.9604,7.43283,2.43767,4.25737
19.0968,7.7184,2.36975,4.16825,19.0138,7.8688,19.0798,7.64712,2.3345,4.3098
19.2184,7.92352,2.3058,4.21469,19.3089,7.67375,19.1939,7.86397,2.22949,4.36017
19.2971,8.14389,2.16567,4.27186,19.132,8.12845,19.3028,8.08329,2.12266,4.40842
19.3965,8.35363,2.09335,4.32567,19.0239,8.17194,19.4062,8.30497,2.01409,4.45445
19.4865,8.50631,2.01166,4.24835,19.347,8.30741,19.5042,8.5289,1.90381,4.49819
19.5799,8.71015,1.9099,4.25507,19.6843,8.35902,19.5966,8.75494,1.7919,4.53956
19.7335,8.89618,1.92895,4.24532,20.0039,8.8906,19.6835,8.983,1.67841,4.57848
19.8113,9.11115,1.7955,4.25367,19.6061,9.48659,19.7645,9.21294,1.56341,4.61488
19.9373,9.34672,1.76662,4.32902,20.1574,9.45949,19.8398,9.44463,1.44697,4.64869
19.9898,9.55666,1.58705,4.29458,19.6163,9.76606,19.9093,9.67795,1.32916,4.67984
20.0752,9.8039,1.50361,4.38257,20.1573,9.90876,19.9728,9.91275,1.21005,4.70826
20.1375,10.0527,1.40501,4.4814,19.1911,11.5493,20.0303,10.1489,1.08972,4.73389
20.1867,10.3313,1.26211,4.60372,20.166,10.4687,20.0818,10.3863,0.968259,4.75666
20.2097,10.5561,1.06761,4.5684,19.6775,10.803,20.1271,10.6247,0.845742,4.77652
20.2669,10.8386,0.952424,4.68692,20.371,11.0109,20.1663,10.864,0.722256,4.7934
20.297,11.0942,0.816887,4.7464,19.4335,12.3402,20.1993,11.1041,0.597892,4.80727
20.3304,11.3374,0.699345,4.7731,20.3164,11.3483,20.2261,11.3449,0.472738,4.81807
20.2897,11.5681,0.404289,4.67068,19.2063,12.2418,20.2466,11.5861,0.346889,4.82575
20.3561,11.8185,0.357226,4.71558,20.6141,11.9422,20.2608,11.8275,0.220439,4.83027
20.3775,12.055,0.290433,4.77357,19.966,11.9688,20.2687,12.0692,0.093487,4.83159
20.3634,12.351,0.107252,4.87774,20.3263,12.4966,20.2701,12.3108,-0.0338694,4.82968
20.3219,12.5786,-0.125621,4.77624,20.0192,12.4823,20.2652,12.5522,-0.161529,4.82451
20.3436,12.8239,-0.202087,4.7873,20.498,12.8924,20.254,12.7933,-0.28939,4.81605
20.3334,13.049,-0.324087,4.73888,20.9151,12.2555,20.2363,13.0339,-0.417348,4.80428
20.2985,13.2639,-0.459707,4.6892,20.1943,13.1688,20.2122,13.2738,-0.545298,4.78918
20.2613,13.4946,-0.593424,4.67384,19.858,13.5236,20.1818,13.5129,-0.673135,4.77072
20.2363,13.7622,-0.718573,4.71813,20.3245,13.8896,20.1449,13.7509,-0.800753,4.74892
20.1846,13.9835,-0.870823,4.64622,20.3387,13.5307,20.1017,13.9878,-0.928043,4.72374
20.1259,14.247,-1.02935,4.67563,20.1216,14.337,20.0521,14.2233,-1.0549,4.69521
20.0557,14.4725,-1.17828,4.62756,19.6717,14.4038,19.9962,14.4573,-1.18121,4.66331
19.9448,14.7358,-1.40123,4.64368,19.781,14.773,19.934,14.6897,-1.30687,4.62805
19.8772,14.9511,-1.49865,4.59479,20.1149,14.0165,19.8655,14.9202,-1.43177,4.58944
19.8434,15.1697,-1.54445,4.54067,20.0208,15.2053,19.7908,15.1486,-1.55581,4.54751
19.7218,15.373,-1.78377,4.35296,20.0157,15.3443,19.7099,15.3749,-1.67887,4.50226
19.6919,15.5596,-1.79247,4.2562,19.9131,15.554,19.6229,15.5989,-1.80085,4.45372
19.6012,15.7588,-1.90298,4.18292,19.9388,15.0864,19.5298,15.8203,-1.92164,4.40193
19.4938,15.979,-2.04239,4.1478,19.4748,16.0098,19.4307,16.039,-2.04114,4.3469
19.392,16.1839,-2.13765,4.11069,19.1556,16.0022,19.3257,16.2549,-2.15925,4.28868
19.2814,16.3634,-2.24037,4.00777,19.238,16.2719,19.2148,16.4679,-2.27586,4.22731
19.1665,16.5563,-2.35345,3.92713,19.4007,16.2962,19.0981,16.6777,-2.39087,4.16284
19.03,16.7749,-2.50195,3.89836,19.0029,16.8387,18.9757,16.8841,-2.50418,4.0953
18.8774,16.9672,-2.69425,3.76281,18.8373,17.7112,18.8477,17.0872,-2.61571,4.02476
18.6948,17.2164,-2.91661,3.77881,18.6148,17.3832,18.7142,17.2866,-2.72534,3.95127
18.5873,17.4169,-2.91345,3.77852,18.8177,17.0316,18.5752,17.4822,-2.83299,3.87489
18.3675,17.6173,-3.14819,3.70757,18.1023,17.5529,18.4309,17.674,-2.93858,3.79568
18.2289,17.8073,-3.18673,3.66896,18.2749,17.4877,18.2814,17.8617,-3.042,3.71372
18.095,17.9909,-3.23933,3.58768,18.2094,18.0461,18.1268,18.0453,-3.14318,3.62906
17.9214,18.1467,-3.35672,3.4423,18.3021,17.498,17.9671,18.2246,-3.24204,3.5418
17.7933,18.2829,-3.36339,3.29564,17.9018,18.2183,17.8026,18.3994,-3.3385,3.45199
17.6612,18.4608,-3.38197,3.24472,18.8558,18.1364,17.6334,18.5697,-3.43247,3.35973
17.4591,18.6472,-3.53244,3.19524,17.3845,18.7039,17.4595,18.7353,-3.5239,3.26509
17.2811,18.7882,-3.61378,3.06567,17.7945,18.0801,17.281,18.8962,-3.61271,3.16817
17.1207,18.9214,-3.64916,2.93948,17.1762,18.8863,17.0983,19.0521,-3.69883,3.06904
16.9528,19.0912,-3.69874,2.89477,16.9398,19.7311,16.9113,19.203,-3.78221,2.9678
16.7338,19.2083,-3.81761,2.75215,16.5734,19.052,16.7201,19.3488,-3.86278,2.86455
16.5425,19.3634,-3.89944,2.68011,16.1674,20.2201,16.5251,19.4894,-3.9405,2.75938
16.3097,19.5294,-4.04809,2.62881,16.2338,19.6171,16.3262,19.6246,-4.01531,2.65237
16.0894,19.6142,-4.13849,2.43145,16.4366,18.2742,16.1237,19.7545,-4.08716,2.54364
15.8813,19.7588,-4.21556,2.35878,15.9243,19.8703,15.9176,19.8789,-4.15602,2.43329
15.6944,19.8794,-4.19873,2.28663,16.2328,19.2166,15.7082,19.9978,-4.22185,2.32141
15.4567,20.035,-4.3221,2.24655,15.4332,20.1836,15.4956,20.111,-4.28461,2.2081
15.2418,20.179,-4.37436,2.20524,14.3677,21.3406,15.2799,20.2185,-4.34427,2.09347
15.0557,20.3051,-4.37592,2.12858,15.2016,20.4385,15.0613,20.3203,-4.4008,1.97763
14.8258,20.3904,-4.44195,1.98458,14.7476,19.9571,14.84,20.4162,-4.4542,1.86068
14.61,20.5073,-4.48524,1.90734,14.6665,20.6088,14.6161,20.5063,-4.50443,1.74272
14.3712,20.5986,-4.56883,1.77993,13.841,21.0031,14.3897,20.5904,-4.55149,1.62386
14.1254,20.6724,-4.63605,1.64262,14.0521,20.5924,14.1611,20.6686,-4.59537,1.50421
13.8863,20.7468,-4.70012,1.50333,13.8232,20.859,13.9304,20.7408,-4.63606,1.38386
13.61,20.8129,-4.8065,1.36629,13.4686,20.7253,13.6977,20.807,-4.67357,1.26294
13.3579,20.8492,-4.88666,1.15621,13.8263,20.4261,13.4632,20.8671,-4.70789,1.14153
13.1165,20.8895,-4.90382,0.998951,13.1072,20.8294,13.2271,20.9211,-4.73904,1.01975
12.8819,20.9481,-4.91569,0.884134,13.2669,21.1579,12.9895,20.969,-4.76702,0.897694
12.6933,20.9869,-4.83492,0.75372,12.8729,21.0592,12.7506,21.0108,-4.79186,0.775469
12.4353,21.0297,-4.8952,0.625282,11.5171,21.6724,12.5106,21.0465,-4.81358,0.653175
12.1911,21.0667,-4.91295,0.505354,12.2062,21.11,12.2695,21.0761,-4.83219,0.530912
11.9499,21.0876,-4.93096,0.357877,12.3859,21.1066,12.0276,21.0996,-4.84773,0.408778
11.7125,21.0588,-4.90328,0.153756,11.6814,20.8651,11.785,21.117,-4.86022,0.286869
11.4619,21.0468,-4.91573,-0.0178666,11.5265,20.6748,11.5418,21.1283,-4.86971,0.165281
11.254,21.0383,-4.84422,-0.15883,11.363,21.0688,11.2982,21.1335,-4.87623,0.0441057
10.9946,21.0021,-4.86635,-0.346951,10.5558,20.5567,11.0544,21.1327,-4.87982,-0.076565
10.7923,20.963,-4.77345,-0.510095,10.8903,20.927,10.8105,21.1259,-4.88053,-0.196643
10.5472,20.9566,-4.73252,-0.580758,9.30535,21.3896,10.5666,21.1131,-4.8784,-0.31604
10.2615,20.9832,-4.82687,-0.629287,10.189,21.209,10.3229,21.0943,-4.87349,-0.434674
10.0246,20.963,-4.80137,-0.733164,9.97958,21.2932,10.0795,21.0697,-4.86585,-0.552463
9.83944,20.9214,-4.68165,-0.860145,9.99634,20.9797,9.83658,21.0391,-4.85554,-0.669327
9.61766,20.9043,-4.59166,-0.89516,9.38223,21.111,9.59422,21.0028,-4.84262,-0.785189
9.42891,20.8518,-4.49291,-1.01818,9.53921,20.8762,9.35258,20.9607,-4.82714,-0.899977
9.21498,20.8075,-4.45216,-1.12273,9.63392,20.9724,9.11177,20.9128,-4.80919,-1.01362
8.90951,20.777,-4.58173,-1.20366,8.70331,20.8221,8.87192,20.8594,-4.78881,-1.12605
8.70025,20.6978,-4.51166,-1.34607,9.84634,20.009,8.63315,20.8003,-4.76608,-1.2372
8.41299,20.6159,-4.58442,-1.48706,8.22277,20.4839,8.39557,20.7358,-4.74108,-1.34701
8.18605,20.5363,-4.54557,-1.61215,8.29647,20.4978,8.1593,20.6657,-4.71387,-1.45542
7.93941,20.4562,-4.54101,-1.72566,7.88599,20.45,7.92445,20.5903,-4.68453,-1.56237
7.72288,20.3717,-4.50392,-1.85904,8.29081,20.6565,7.69111,20.5096,-4.65313,-1.66781
7.40355,20.3117,-4.64208,-1.92472,7.18029,20.392,7.45939,20.4237,-4.61975,-1.7717
7.17263,20.2155,-4.58083,-2.01818,7.09214,20.1196,7.22939,20.3326,-4.58448,-1.87399
6.90455,20.1309,-4.61135,-2.10094,6.81542,20.1859,7.00119,20.2364,-4.54738,-1.97462
6.68324,20.0388,-4.53357,-2.16366,6.89359,20.1536,6.7749,20.1352,-4.50854,-2.07357
6.43421,19.9459,-4.53151,-2.24209,6.38914,20.0137,6.55059,20.0292,-4.46805,-2.17079
6.22182,19.8521,-4.45645,-2.30533,6.67637,20.2142,6.32834,19.9183,-4.42598,-2.26625
5.95588,19.7569,-4.49276,-2.37231,5.86119,19.8306,6.10823,19.8027,-4.38241,-2.35993
5.71909,19.6151,-4.48175,-2.53821,5.28178,19.5036,5.89034,19.6824,-4.33744,-2.45178
5.54929,19.4926,-4.32675,-2.62497,5.69089,19.5755,5.67472,19.5577,-4.29114,-2.5418
5.34713,19.3451,-4.24093,-2.75027,5.9506,18.9859,5.46145,19.4284,-4.24359,-2.62995
5.13717,19.2427,-4.18709,-2.79068,5.17021,19.4397,5.25059,19.2948,-4.19488,-2.71622
4.95671,19.1289,-4.05175,-2.79929,5.87397,19.301,5.04219,19.157,-4.1451,-2.80059
4.79563,18.9811,-3.91255,-2.89351,4.89149,18.982,4.8363,19.015,-4.09432,-2.88305
4.58435,18.8314,-3.89473,-3.01612,3.98679,19.0452,4.63297,18.8689,-4.04263,-2.96359
4.40855,18.701,-3.79943,-3.06868,4.4685,18.834,4.43224,18.7188,-3.99012,-3.0422
4.23601,18.5573,-3.67843,-3.09718,4.69245,18.4634,4.23416,18.5648,-3.93685,-3.11888
4.11211,18.4068,-3.50271,-3.16129,4.26269,18.481,4.03876,18.4071,-3.88293,-3.19362
3.91568,18.2364,-3.52953,-3.36236,3.42434,18.8357,3.84606,18.2457,-3.82841,-3.26644
3.65654,18.0907,-3.61299,-3.41773,3.45919,18.167,3.65611,18.0807,-3.77339,-3.33732
3.50318,17.9397,-3.4644,-3.40742,4.3011,17.9267,3.46891,17.9122,-3.71795,-3.40627
3.27228,17.7704,-3.50014,-3.48424,3.12525,17.7493,3.28449,17.7402,-3.66215,-3.47331
3.08508,17.5881,-3.47704,-3.62246,2.65664,17.888,3.10287,17.565,-3.60609,-3.53844
2.9119,17.4691,-3.41778,-3.59848,2.9449,17.8154,2.92405,17.3866,-3.54982,-3.60167
2.75526,17.2565,-3.34412,-3.7899,3.26647,17.0897,2.74805,17.2051,-3.49344,-3.66302
2.57907,17.0694,-3.28273,-3.85715,2.55407,17.0853,2.57486,17.0205,-3.437,-3.72251
2.42457,16.9028,-3.15347,-3.7998,2.55039,16.8884,2.4045,16.833,-3.38059,-3.78014
2.26176,16.7308,-3.0914,-3.83651,2.25371,16.8334,2.23695,16.6427,-3.32428,-3.83595
2.09376,16.5336,-3.01727,-3.8561,1.57735,16.0489,2.07221,16.4497,-3.26812,-3.88995
1.93312,16.3042,-2.95243,-3.97096,1.88972,16.1054,1.91027,16.254,-3.21219,-3.94216
1.78795,16.1273,-2.85436,-3.94329,1.74362,16.2687,1.75112,16.0557,-3.15656,-3.99261
1.58572,15.9565,-2.89771,-3.96337,1.44745,16.0853,1.59474,15.8549,-3.10129,-4.04132
1.44804,15.7275,-2.83195,-4.13057,1.6097,15.5526,1.44111,15.6517,-3.04644,-4.08832
1.27307,15.5075,-2.81674,-4.20669,1.18395,15.4284,1.29021,15.4463,-2.99207,-4.13364
1.12313,15.3144,-2.75241,-4.20406,0.828993,15.528,1.14201,15.2386,-2.93825,-4.1773
0.91039,15.0917,-2.82202,-4.27658,0.722706,15.0075,0.996486,15.0288,-2.88503,-4.21933
0.778735,14.9122,-2.71706,-4.20106,1.03147,15.2134,0.853604,14.8169,-2.83246,-4.25977
0.672025,14.7009,-2.59308,-4.24422,0.737301,14.7047,0.71333,14.603,-2.78061,-4.29864
0.552233,14.4611,-2.51509,-4.38348,0.722177,14.2445,0.575628,14.3872,-2.72952,-4.33598
0.377042,14.2364,-2.53579,-4.44047,0.253435,14.2029,0.440459,14.1696,-2.67925,-4.37181
0.241838,13.9844,-2.49723,-4.61997,-0.0328023,13.9604,0.307779,13.9502,-2.62984,-4.40617
0.219942,13.7409,-2.21209,-4.66609,0.459172,13.6856,0.177545,13.7292,-2.58135,-4.43909
0.108085,13.4976,-2.13754,-4.7733,0.0524412,13.6377,0.0497099,13.5065,-2.53381,-4.47061
-0.0538018,13.2628,-2.15885,-4.8162,-0.190344,13.2856,-0.0757753,13.2823,-2.48728,-4.50075
-0.166685,13.0456,-2.07487,-4.75277,-0.275043,13.1456,-0.198962,13.0566,-2.44179,-4.52955
-0.175699,12.826,-1.81225,-4.74449,0.0462308,12.9301,-0.319903,12.8295,-2.39739,-4.55704
-0.2858,12.6007,-1.7488,-4.68682,-0.684792,12.3563,-0.438654,12.6011,-2.35412,-4.58326
-0.401703,12.3652,-1.7192,-4.72521,-0.476482,12.3633,-0.555273,12.3714,-2.31202,-4.60823
-0.512664,12.1569,-1.68202,-4.6736,-0.972122,12.5207,-0.669818,12.1404,-2.27111,-4.63198
-0.590812,11.9405,-1.59547,-4.67507,-0.582624,12.0386,-0.78235,11.9083,-2.23144,-4.65456
-0.704813,11.7117,-1.5798,-4.67307,-1.26757,11.6495,-0.892931,11.6751,-2.19304,-4.67598
-0.892864,11.4631,-1.7148,-4.73264,-1.17212,11.3988,-1.00163,11.4409,-2.15594,-4.69628
-0.97864,11.241,-1.63793,-4.64258,-0.891441,10.959,-1.1085,11.2057,-2.12017,-4.71549
-1.15222,11.0107,-1.75302,-4.67027,-1.39289,11.0424,-1.21362,10.9695,-2.08575,-4.73364
-1.23651,10.7662,-1.69599,-4.76401,-1.29894,10.9012,-1.31706,10.7324,-2.05273,-4.75075
-1.37038,10.5089,-1.73467,-4.81866,-1.49687,10.4198,-1.41889,10.4945,-2.02111,-4.76686
-1.46262,10.2468,-1.69224,-4.9088,-1.59293,10.0212,-1.51917,10.2559,-1.99093,-4.78198
-1.56221,10.0365,-1.66684,-4.87735,-1.61875,10.2374,-1.61797,10.0165,-1.96221,-4.79615
-1.64412,9.81027,-1.60758,-4.83117,-1.59702,9.96554,-1.71539,9.77637,-1.93498,-4.80939
-1.72327,9.59089,-1.5526,-4.81541,-1.73381,9.71347,-1.81147,9.53564,-1.90924,-4.82172
-1.83455,9.33825,-1.56899,-4.89166,-2.27191,9.37316,-1.90631,9.29431,-1.88502,-4.83316
-1.92605,9.04209,-1.54266,-4.98924,-1.93833,8.77028,-1.99998,9.05243,-1.86233,-4.84374
-2.00394,8.8236,-1.49236,-4.89798,-1.96565,9.13274,-2.09256,8.81003,-1.8412,-4.85347
-2.10466,8.57009,-1.49571,-4.93142,-2.1768,8.5411,-2.18412,8.56717,-1.82164,-4.86238
-2.22942,8.31595,-1.54991,-4.95014,-2.65862,8.19477,-2.27474,8.32388,-1.80365,-4.87047
-2.28086,8.08438,-1.45459,-4.93445,-2.21875,8.15339,-2.3645,8.0802,-1.78726,-4.87778
-2.33825,7.87673,-1.38007,-4.85867,-2.273,8.52315,-2.45348,7.83617,-1.77248,-4.8843
-2.45522,7.62285,-1.43173,-4.89972,-2.59674,7.60288,-2.54177,7.59184,-1.75931,-4.89006
-2.60331,7.39128,-1.54711,-4.81078,-3.08256,7.38874,-2.62944,7.34723,-1.74777,-4.89507
-2.71185,7.13256,-1.58106,-4.85496,-2.79865,7.064,-2.71658,7.10238,-1.73786,-4.89933
-2.77686,6.90116,-1.52204,-4.86386,-2.79412,7.20818,-2.80326,6.85734,-1.72958,-4.90286
-2.81998,6.69696,-1.42413,-4.80294,-2.74651,6.86867,-2.88957,6.61214,-1.72295,-4.90566
-2.87472,6.48245,-1.36736,-4.68668,-2.57673,6.36755,-2.97559,6.36681,-1.71797,-4.90774
-2.93398,6.24645,-1.3215,-4.69508,-2.90217,6.22989,-3.0614,6.12139,-1.71464,-4.90911
-3.05342,5.99787,-1.39654,-4.74612,-3.50172,6.10796,-3.14709,5.87592,-1.71297,-4.90976
-3.14317,5.71863,-1.4148,-4.82835,-3.1778,5.53101,-3.23274,5.63043,-1.71295,-4.9097
-3.24939,5.47338,-1.4761,-4.77974,-3.19736,5.19093,-3.31843,5.38496,-1.71458,-4.90893
-3.34991,5.20756,-1.51459,-4.83874,-3.43031,5.10507,-3.40424,5.13955,-1.71787,-4.90745
-3.42334,4.96226,-1.49117,-4.85794,-3.4281,4.94644,-3.49026,4.89422,-1.72281,-4.90525
-3.54333,4.67669,-1.57088,-4.95282,-3.69435,4.52196,-3.57657,4.64902,-1.72939,-4.90233
-3.65447,4.42274,-1.64899,-4.91489,-3.50501,4.17643,-3.66325,4.40398,-1.73763,-4.89868
-3.79053,4.14437,-1.75487,-4.99431,-4.00238,4.04684,-3.75039,4.15913,-1.74749,-4.8943
-3.87589,3.90417,-1.73566,-4.99171,-4.06447,4.10977,-3.83806,3.91452,-1.75899,-4.88918
-3.9455,3.67526,-1.69267,-4.94883,-3.88053,3.75177,-3.92635,3.67019,-1.77212,-4.8833
-4.04506,3.47295,-1.73225,-4.83501,-4.23729,3.88878,-4.01533,3.42616,-1.78686,-4.87666
-4.13517,3.22864,-1.73831,-4.84206,-4.15119,3.21968,-4.10509,3.18248,-1.8032,-4.86925
-4.25568,2.96842,-1.83019,-4.86394,-4.27467,2.88187,-4.19571,2.93919,-1.82113,-4.86104
-4.34674,2.69181,-1.8401,-4.92819,-4.32451,2.55034,-4.28727,2.69633,-1.84065,-4.85202
-4.43654,2.4417,-1.83865,-4.93456,-4.38481,2.39989,-4.37985,2.45393,-1.86173,-4.84218
-4.54255,2.17408,-1.87026,-4.98257,-4.61223,2.09192,-4.47352,2.21205,-1.88436,-4.83149
-4.65284,1.93795,-1.96006,-4.93827,-4.29257,1.92854,-4.56836,1.97072,-1.90853,-4.81994
-4.76946,1.66018,-2.00761,-5.00658,-4.86829,1.53442,-4.66444,1.72998,-1.93422,-4.80751
-4.89519,1.40418,-2.09942,-5.01823,-4.98165,1.43611,-4.76186,1.48989,-1.9614,-4.79417
-4.95077,1.17868,-2.02793,-4.93991,-4.66779,1.28643,-4.86066,1.25049,-1.99007,-4.7799
-5.04575,0.966176,-2.02635,-4.85759,-4.98594,1.10894,-4.96095,1.01182,-2.02019,-4.76468
-5.10405,0.74135,-1.9701,-4.79824,-4.85498,0.825661,-5.06277,0.77393,-2.05174,-4.74848
-5.20225,0.438021,-2.007,-4.93779,-4.84736,0.18101,-5.16621,0.536876,-2.08471,-4.73127
-5.27619,0.202249,-1.97721,-4.90103,-5.1231,0.257311,-5.27133,0.300706,-2.11906,-4.71303
-5.38632,-0.0294487,-1.97467,-4.85809,-5.99809,-0.290765,-5.3782,0.0654719,-2.15477,-4.69374
-5.45756,-0.261936,-1.94263,-4.8253,-5.29972,-0.212982,-5.4869,-0.168772,-2.1918,-4.67335
-5.57481,-0.443055,-2.00938,-4.70708,-5.64447,-0.144522,-5.59748,-0.401971,-2.23014,-4.65185
-5.70766,-0.625209,-2.07926,-4.59424,-5.85359,-0.445801,-5.71001,-0.634069,-2.26974,-4.62919
-5.82115,-0.864734,-2.18348,-4.65203,-5.30947,-0.724468,-5.82456,-0.865006,-2.31058,-4.60536
-5.91901,-1.13376,-2.18283,-4.71678,-5.87835,-1.26863,-5.94118,-1.09472,-2.35262,-4.58032
-6.01005,-1.40412,-2.17548,-4.78403,-5.68069,-1.52871,-6.05993,-1.32316,-2.39581,-4.55404
-6.14701,-1.61186,-2.2453,-4.71193,-6.27263,-1.50938,-6.18087,-1.55025,-2.44014,-4.52648
-6.28658,-1.8652,-2.39687,-4.80503,-6.11355,-1.75966,-6.30406,-1.77593,-2.48555,-4.49762
-6.39511,-2.11341,-2.40324,-4.80902,-6.34007,-2.13685,-6.42954,-2.00014,-2.532,-4.46742
-6.54312,-2.32001,-2.47408,-4.71845,-6.99344,-2.17445,-6.55738,-2.22281,-2.57946,-4.43585
-6.69184,-2.52854,-2.54888,-4.64566,-6.79288,-2.4458,-6.68761,-2.44386,-2.62788,-4.40288
-6.84443,-2.74827,-2.63864,-4.61337,-7.14408,-2.67584,-6.82029,-2.66323,-2.6772,-4.36847
-6.94265,-3.01055,-2.60971,-4.66263,-6.8003,-3.10086,-6.95546,-2.88084,-2.7274,-4.3326
-7.07111,-3.23347,-2.61728,-4.60716,-7.13937,-3.22028,-7.09316,-3.09663,-2.7784,-4.29523
-7.19589,-3.42324,-2.64681,-4.51207,-7.12118,-3.26434,-7.23344,-3.3105,-2.83017,-4.25632
-7.3425,-3.67397,-2.69353,-4.5411,-7.77186,-4.08999,-7.37632,-3.5224,-2.88265,-4.21586
-7.49676,-3.81012,-2.7755,-4.34457,-7.49009,-3.49081,-7.52184,-3.73223,-2.93579,-4.1738
-7.63949,-4.02345,-2.83785,-4.33366,-7.52393,-3.88213,-7.67004,-3.93992,-2.98953,-4.13012
-7.79727,-4.24809,-2.89743,-4.32274,-7.88049,-4.29783,-7.82094,-4.14538,-3.04381,-4.08479
-7.94765,-4.46847,-2.93932,-4.30421,-8.08524,-4.57834,-7.97457,-4.34854,-3.09857,-4.03778
-8.11366,-4.70271,-3.0018,-4.31216,-8.22492,-4.79812,-8.13095,-4.5493,-3.15376,-3.98906
-8.25456,-4.89938,-2.95969,-4.19135,-8.453,-4.95621,-8.2901,-4.74759,-3.2093,-3.93862
-8.39083,-5.11102,-2.97375,-4.17422,-8.33552,-5.1059,-8.45204,-4.94331,-3.26514,-3.88641
-8.53653,-5.27363,-2.96555,-4.02391,-8.55062,-4.79248,-8.61678,-5.13637,-3.32121,-3.83242
-8.72608,-5.47232,-3.06496,-3.98702,-8.91477,-5.51752,-8.78433,-5.32669,-3.37745,-3.77663
-8.88579,-5.66843,-3.10356,-3.94685,-9.04115,-5.69364,-8.95469,-5.51417,-3.43377,-3.71901
-9.04349,-5.85116,-3.14459,-3.89296,-9.03391,-5.80267,-9.12788,-5.69872,-3.49012,-3.65955
-9.18209,-6.00282,-3.1163,-3.75478,-8.86897,-5.41973,-9.30388,-5.88026,-3.54643,-3.59823
-9.35247,-6.10758,-3.18266,-3.57571,-9.30811,-5.82368,-9.4827,-6.05868,-3.60261,-3.53503
-9.52801,-6.29264,-3.25702,-3.5606,-9.80646,-6.41174,-9.66432,-6.23389,-3.6586,-3.46994
-9.67422,-6.49383,-3.26521,-3.57168,-9.62547,-6.55958,-9.84874,-6.4058,-3.71431,-3.40295
-9.89126,-6.66541,-3.44168,-3.55903,-10.6688,-6.35543,-10.0359,-6.57431,-3.76969,-3.33404
-10.0954,-6.83144,-3.53414,-3.49104,-10.2246,-6.83402,-10.2259,-6.73933,-3.82463,-3.26321
-10.2784,-6.99747,-3.61065,-3.4552,-10.2205,-6.71044,-10.4186,-6.90075,-3.87907,-3.19046
-10.5111,-7.18008,-3.7359,-3.41418,-10.7616,-7.29159,-10.614,-7.05849,-3.93293,-3.11577
-10.7123,-7.32861,-3.8148,-3.33328,-10.8944,-6.83335,-10.8121,-7.21245,-3.98613,-3.03916
-10.9615,-7.49258,-3.95395,-3.25917,-11.2219,-7.56979,-11.0128,-7.36252,-4.03859,-2.96062
-11.1463,-7.63513,-3.9476,-3.15143,-10.986,-7.3707,-11.2161,-7.50862,-4.09021,-2.88015
-11.3022,-7.77975,-3.92249,-3.09012,-11.0934,-7.6776,-11.422,-7.65064,-4.14093,-2.79777
-11.4937,-7.91039,-3.94459,-2.98862,-11.4213,-7.46085,-11.6304,-7.78849,-4.19066,-2.71349
-11.6742,-8.01181,-3.96021,-2.8568,-11.5269,-7.8215,-11.8413,-7.92208,-4.23932,-2.6273
-11.8617,-8.1287,-3.92273,-2.7163,-11.9422,-7.88317,-12.0546,-8.05131,-4.28682,-2.53924
-12.0758,-8.21894,-3.99046,-2.57653,-12.09,-8.08828,-12.2702,-8.17609,-4.33309,-2.44932
-12.3027,-8.35353,-4.16055,-2.57771,-12.4462,-8.02117,-12.4881,-8.29633,-4.37802,-2.35756
-12.5081,-8.43293,-4.19574,-2.42899,-12.4231,-8.2599,-12.7082,-8.41193,-4.42156,-2.26399
-12.7059,-8.52669,-4.15582,-2.28173,-12.7461,-8.19449,-12.9304,-8.5228,-4.4636,-2.16863
-12.9877,-8.61694,-4.31045,-2.14572,-13.2911,-8.64594,-13.1547,-8.62886,-4.50407,-2.07151
-13.2351,-8.72463,-4.43982,-2.08446,-13.7929,-8.47158,-13.381,-8.73002,-4.54289,-1.97267
-13.4593,-8.76999,-4.4775,-1.90201,-13.384,-8.57583,-13.6092,-8.82619,-4.57997,-1.87214
-13.6628,-8.82483,-4.39553,-1.71433,-13.6376,-8.26344,-13.8392,-8.91729,-4.61524,-1.76997
-13.8997,-8.92193,-4.45552,-1.64481,-13.9959,-8.99264,-14.0709,-9.00324,-4.64861,-1.6662
-14.1547,-9.01491,-4.62656,-1.61251,-14.4737,-8.79552,-14.3043,-9.08395,-4.68001,-1.56086
-14.3885,-9.11407,-4.6602,-1.55958,-14.4273,-9.1875,-14.5391,-9.15936,-4.70936,-1.45402
-14.6147,-9.18816,-4.64856,-1.45668,-14.5757,-9.32634,-14.7754,-9.22939,-4.73658,-1.34573
-14.9027,-9.1907,-4.76179,-1.22117,-15.062,-9.04396,-15.013,-9.29397,-4.76161,-1.23603
-15.1617,-9.26525,-4.81925,-1.14246,-15.6189,-9.69365,-15.2517,-9.35302,-4.78436,-1.125
-15.4379,-9.36601,-4.8988,-1.11333,-15.6682,-9.56749,-15.4916,-9.40649,-4.80476,-1.01269
-15.6743,-9.40303,-4.82432,-0.955412,-15.9382,-9.35751,-15.7324,-9.45431,-4.82275,-0.899159
-15.9386,-9.47604,-4.87998,-0.897798,-16.0862,-9.59819,-15.9741,-9.49642,-4.83827,-0.784484
-16.1846,-9.49409,-4.85559,-0.737474,-16.6033,-8.85459,-16.2164,-9.53277,-4.85124,-0.668734
-16.4368,-9.48721,-4.88247,-0.557643,-16.4229,-9.37029,-16.4594,-9.5633,-4.8616,-0.55198
-16.6473,-9.49608,-4.80346,-0.425305,-16.011,-9.33486,-16.7027,-9.58797,-4.8693,-0.434301
-16.9354,-9.47804,-4.88378,-0.23358,-17.1132,-9.43043,-16.9464,-9.60673,-4.87427,-0.315773
-17.1912,-9.53007,-4.94999,-0.209404,-16.9255,-10.8571,-17.1903,-9.61954,-4.87646,-0.196479
-17.4561,-9.5409,-4.98124,-0.100004,-17.5448,-9.57485,-17.4342,-9.62636,-4.87583,-0.0765024
-17.711,-9.53556,-4.95356,0.0356783,-18.1371,-9.39146,-17.6781,-9.62717,-4.87232,0.0440703
-17.9677,-9.50105,-4.96376,0.204517,-17.9724,-9.42299,-17.9216,-9.62194,-4.86588,0.165151
-18.2065,-9.47266,-4.89765,0.352103,-18.3083,-9.18778,-18.1648,-9.61064,-4.85648,0.286648
-18.4092,-9.50558,-4.82703,0.351262,-18.2763,-9.60997,-18.4074,-9.59325,-4.84408,0.40847
-18.646,-9.49151,-4.85304,0.436465,-18.2443,-9.58547,-18.6493,-9.56977,-4.82864,0.530522
-18.8973,-9.47615,-4.85727,0.528791,-18.9545,-9.51544,-18.8904,-9.54017,-4.81012,0.652707
-19.1275,-9.43835,-4.85483,0.639492,-18.6983,-9.02886,-19.1305,-9.50447,-4.78851,0.774927
-19.3748,-9.32428,-4.84016,0.892621,-19.2983,-9.09865,-19.3694,-9.46265,-4.76378,0.897083
-19.604,-9.25775,-4.74981,1.04113,-19.7037,-8.79906,-19.6069,-9.41472,-4.73591,1.01907
-19.8602,-9.13511,-4.74328,1.28651,-19.8731,-8.96417,-19.8431,-9.36071,-4.70487,1.1408
-20.0963,-9.03911,-4.70156,1.45784,-20.3815,-7.6755,-20.0775,-9.30061,-4.67066,1.26215
-20.2649,-9.14864,-4.58304,1.21098,-20.1607,-9.59663,-20.3102,-9.23446,-4.63328,1.38303
-20.5051,-9.10351,-4.6018,1.28147,-20.4587,-9.7448,-20.5409,-9.16227,-4.59271,1.50334
-20.7278,-9.00706,-4.56088,1.43297,-20.6596,-8.91527,-20.7696,-9.08409,-4.54895,1.62296
-20.9707,-8.92743,-4.54077,1.55047,-21.5568,-8.5005,-20.9959,-8.99994,-4.50202,1.74179
-21.1656,-8.85771,-4.45796,1.62127,-21.0195,-8.85081,-21.2198,-8.90987,-4.45191,1.85972
-21.3987,-8.77259,-4.41921,1.7278,-21.8628,-8.64129,-21.4412,-8.81393,-4.39865,1.97666
-21.5887,-8.74264,-4.33824,1.70877,-21.5029,-8.87191,-21.6597,-8.71217,-4.34224,2.0925
-21.7751,-8.61931,-4.16164,1.85414,-21.9514,-7.41274,-21.8754,-8.60465,-4.2827,2.20712
-21.9791,-8.53745,-4.11518,1.92413,-21.9793,-8.57089,-22.0881,-8.49143,-4.22007,2.32043
-22.189,-8.43055,-4.11544,2.03483,-22.1914,-7.70392,-22.2975,-8.37258,-4.15437,2.43232
-22.4244,-8.32463,-4.11609,2.14139,-22.5838,-8.35296,-22.5035,-8.24817,-4.08564,2.5427
-22.6132,-8.21585,-4.01945,2.22529,-22.3177,-8.57758,-22.7061,-8.11829,-4.01391,2.65145
-22.8622,-7.97211,-4.02032,2.57539,-22.9861,-7.6724,-22.9049,-7.98301,-3.93923,2.75848
-23.0494,-7.83494,-3.85568,2.67662,-23.2693,-8.32031,-23.1,-7.84243,-3.86163,2.8637
-23.2858,-7.64993,-3.84285,2.88492,-23.4777,-7.56583,-23.2911,-7.69663,-3.78118,2.967
-23.4856,-7.50406,-3.82466,2.98857,-23.473,-7.02103,-23.4781,-7.54572,-3.69792,3.06828
-23.6521,-7.36035,-3.71467,3.06102,-23.5408,-7.36069,-23.6609,-7.3898,-3.61191,3.16746
-23.8432,-7.19812,-3.65588,3.17189,-24.0505,-6.56968,-23.8393,-7.22897,-3.52321,3.26445
-24.0006,-7.10615,-3.55225,3.12555,-23.9384,-7.26171,-24.0132,-7.06336,-3.43189,3.35916
-24.1683,-6.92855,-3.43356,3.24228,-24.3577,-5.94086,-24.1825,-6.89307,-3.33801,3.45149
-24.3373,-6.67075,-3.32809,3.50367,-24.2574,-6.4352,-24.347,-6.71823,-3.24166,3.54138
-24.5033,-6.49798,-3.1984,3.57909,-24.788,-7.18367,-24.5066,-6.53896,-3.14289,3.62873
-24.5981,-6.36558,-3.01839,3.54826,-24.3008,-6.43799,-24.6612,-6.35538,-3.0418,3.71347
-24.7373,-6.18116,-2.89946,3.63283,-24.6108,-6.00878,-24.8107,-6.16764,-2.93846,3.79553
-24.9249,-5.96529,-2.85967,3.7887,-25.146,-5.91902,-24.955,-5.97587,-2.83295,3.87484
-25.0551,-5.76193,-2.73872,3.88412,-24.8975,-5.02285,-25.094,-5.7802,-2.72537,3.95132
-25.1875,-5.58886,-2.6343,3.91414,-25.1941,-5.64372,-25.2276,-5.58079,-2.61581,4.02492
-25.339,-5.39965,-2.59743,3.98197,-25.5328,-5.4399,-25.3556,-5.37777,-2.50435,4.09557
-25.4855,-5.16704,-2.5139,4.11577,-25.5713,-5.10241,-25.4779,-5.1713,-2.39109,4.16322
-25.6145,-4.98811,-2.46582,4.13501,-25.0178,-6.55904,-25.5946,-4.96152,-2.27613,4.22781
-25.7254,-4.81693,-2.3533,4.12331,-25.6952,-4.89995,-25.7055,-4.7486,-2.15956,4.2893
-25.8468,-4.6091,-2.27784,4.1868,-25.8162,-4.40681,-25.8105,-4.53268,-2.04149,4.34764
-25.9602,-4.35891,-2.16875,4.31691,-25.9516,-4.26659,-25.9096,-4.31392,-1.92202,4.40279
-26.0718,-4.13997,-2.00575,4.36521,-26.8953,-4.43966,-26.0027,-4.0925,-1.80125,4.45471
-26.1668,-3.84811,-1.86769,4.55157,-26.1198,-3.67723,-26.0897,-3.86856,-1.67928,4.50337
-26.2426,-3.61308,-1.66136,4.59966,-26.5652,-3.85723,-26.1706,-3.64227,-1.55623,4.54875
-26.2744,-3.34735,-1.44709,4.69249,-25.9974,-3.24722,-26.2453,-3.41381,-1.4322,4.59081
-26.3245,-3.10302,-1.24435,4.73929,-26.2976,-3.01078,-26.3138,-3.18332,-1.30729,4.62954
-26.3506,-2.87259,-1.0559,4.7484,-26.1741,-2.87885,-26.376,-2.95098,-1.18162,4.66493
-26.406,-2.64577,-0.926857,4.75942,-26.4681,-3.44967,-26.4319,-2.71697,-1.05529,4.69696
-26.4791,-2.50435,-0.858986,4.61379,-26.674,-2.73852,-26.4815,-2.48143,-0.928411,4.72562
-26.5321,-2.26935,-0.759732,4.6495,-26.657,-1.72382,-26.5247,-2.24456,-0.80109,4.75091
-26.5809,-2.07677,-0.658027,4.59809,-26.6691,-2.17333,-26.5616,-2.0065,-0.673434,4.77284
-26.6102,-1.84222,-0.54857,4.62392,-26.3248,-1.32261,-26.5921,-1.76744,-0.545553,4.79141
-26.6095,-1.58831,-0.376944,4.6718,-26.4671,-1.53207,-26.6161,-1.52753,-0.417552,4.80664
-26.6079,-1.36175,-0.196379,4.66147,-26.4998,-2.19526,-26.6338,-1.28695,-0.289538,4.81852
-26.612,-1.13303,-0.0590916,4.65626,-26.5998,-1.14277,-26.6451,-1.04586,-0.161616,4.8271
-26.6393,-0.911389,0.0265906,4.64337,-27.2008,-1.67679,-26.65,-0.804425,-0.0338883,4.83238
-26.6503,-0.653487,0.143123,4.69395,-26.7355,-0.59539,-26.6485,-0.562811,0.0935412,4.83439
-26.6389,-0.410446,0.307306,4.70586,-26.9891,0.0351487,-26.6406,-0.321181,0.220572,4.83317
-26.5953,-0.103987,0.504346,4.82126,-26.4553,0.0602653,-26.6264,-0.0796947,0.347104,4.82874
-26.5753,0.137865,0.645499,4.81106,-26.9537,0.136943,-26.6059,0.161489,0.473041,4.82116
-26.5515,0.438347,0.788332,4.90662,-26.6201,0.57588,-26.5792,0.402213,0.598287,4.81045
-26.5367,0.676985,0.856164,4.87477,-26.8241,0.381506,-26.5462,0.642323,0.722748,4.79667
-26.5265,0.961957,0.949091,4.93689,-26.7293,1.06082,-26.5069,0.881666,0.846334,4.77986
-26.4866,1.22402,1.01828,4.9361,-25.9562,2.60409,-26.4616,1.12009,0.968955,4.76007
-26.4276,1.45566,1.15265,4.87923,-26.3986,1.42212,-26.4101,1.35745,1.09053,4.73737
-26.3889,1.66927,1.20874,4.79263,-26.5072,-0.563928,-26.3526,1.59361,1.21096,4.71181
-26.3318,1.87272,1.31268,4.69515,-26.3594,1.79315,-26.2891,1.82841,1.33018,4.68345
-26.2655,2.10305,1.4298,4.6539,-26.3475,1.82827,-26.2197,2.06173,1.44811,4.65235
-26.2021,2.28843,1.51946,4.53129,-26.2502,2.18481,-26.1444,2.29342,1.56467,4.61859
-26.1394,2.51012,1.57459,4.47942,-26.069,2.27896,-26.0633,2.52336,1.67979,4.58223
-26.0578,2.75535,1.69201,4.48056,-26.0641,2.80701,-25.9765,2.75141,1.79339,4.54334
-25.9663,2.97965,1.84576,4.44548,-26.3234,3.02388,-25.8841,2.97746,1.90543,4.502
-25.8617,3.26764,1.99304,4.51994,-25.8345,3.42005,-25.7861,3.20139,2.01582,4.45828
-25.7791,3.49734,2.07356,4.48101,-26.1824,3.73376,-25.6826,3.42306,2.12452,4.41227
-25.6736,3.69453,2.1762,4.38046,-25.6666,3.63509,-25.5737,3.64239,2.23146,4.36404
-25.5585,3.90104,2.29064,4.30353,-25.5773,3.13316,-25.4596,3.85924,2.3366,4.31367
-25.4923,4.07298,2.30874,4.17595,-25.7492,3.99968,-25.3402,4.07353,2.43989,4.26125
-25.3707,4.27258,2.41641,4.10249,-25.3516,3.75691,-25.2157,4.28514,2.54127,4.20686
-25.2106,4.49751,2.58096,4.07378,-25.0214,4.52803,-25.0863,4.49399,2.64071,4.15058
-25.0607,4.69051,2.67361,3.98044,-24.2719,4.30917,-24.9518,4.69998,2.73817,4.09251
-24.9424,4.88381,2.74429,3.90799,-25.0363,4.88499,-24.8126,4.90303,2.83361,4.03273
-24.7876,5.07353,2.85628,3.82737,-24.3609,4.95947,-24.6686,5.10304,2.92701,3.97132
-24.6178,5.29394,2.99906,3.80733,-24.5041,5.35293,-24.5201,5.29995,3.01833,3.90839
-24.4471,5.47686,3.15787,3.72322,-24.4379,5.24592,-24.367,5.49367,3.10754,3.84401
-24.2612,5.65197,3.28964,3.61838,-24.1159,5.61152,-24.2095,5.68414,3.19464,3.77827
-24.096,5.81567,3.40371,3.50779,-24.5638,4.75836,-24.0477,5.8713,3.27959,3.71127
-23.9239,5.97585,3.49115,3.39184,-23.9153,5.94377,-23.8818,6.05508,3.36239,3.64309
-23.7795,6.15017,3.4379,3.29936,-23.5491,6.44495,-23.7117,6.23542,3.44302,3.57383
-23.6133,6.30505,3.50591,3.19829,-23.6471,6.29102,-23.5377,6.41227,3.52148,3.50357
-23.4657,6.46846,3.49914,3.11614,-23.7544,6.53746,-23.3598,6.58559,3.59775,3.4324
-23.2343,6.70247,3.68261,3.17039,-23.0099,6.86182,-23.1781,6.75533,3.67185,3.36041
-23.0417,6.83965,3.7342,3.04196,-22.7862,5.74143,-22.9928,6.92146,3.74376,3.28768
-22.825,7.01707,3.85798,2.99905,-22.6991,7.063,-22.804,7.08393,3.8135,3.21431
-22.6145,7.15434,3.96377,2.88577,-22.418,6.76159,-22.6117,7.24273,3.88106,3.14038
-22.4295,7.29774,4.0101,2.79402,-22.5083,7.31524,-22.4161,7.39782,3.94647,3.06598
-22.1992,7.43514,4.19166,2.69701,-22.0543,7.85452,-22.2173,7.54917,4.00974,2.99118
-22.0172,7.59487,4.22164,2.64735,-22.1947,7.69478,-22.0154,7.69679,4.07087,2.91607
-21.8337,7.7569,4.17731,2.60371,-21.6178,9.0351,-21.8105,7.84064,4.12989,2.84074
-21.6251,7.89949,4.23823,2.53448,-21.6473,7.94,-21.6026,7.98072,4.18681,2.76526
-21.4375,8.02686,4.22514,2.44415,-21.8637,7.78661,-21.392,8.11703,4.24166,2.68971
-21.2164,8.06378,4.26447,2.19652,-21.0853,7.83229,-21.1787,8.24957,4.29447,2.61417
-21.029,8.20035,4.17987,2.14531,-20.5503,9.28616,-20.9628,8.37833,4.34526,2.53871
-20.8488,8.35147,4.19461,2.13733,-21.0519,8.50983,-20.7444,8.50333,4.39406,2.46341
-20.6078,8.4665,4.32851,2.0663,-19.9265,9.40847,-20.5237,8.62457,4.4409,2.38835
-20.3529,8.61092,4.44325,2.05011,-20.21,8.68914,-20.3006,8.74206,4.48582,2.31358
-20.1602,8.72711,4.35939,1.98903,-20.2277,8.8532,-20.0753,8.85583,4.52884,2.23919
-19.9606,8.82986,4.36986,1.91238,-20.0633,8.86724,-19.848,8.96589,4.57001,2.16524
-19.7691,8.93236,4.2933,1.84435,-19.9264,8.78179,-19.6186,9.07227,4.60937,2.09179
-19.5449,9.01096,4.3375,1.74267,-19.4861,8.96665,-19.3873,9.17499,4.64694,2.01891
-19.3073,9.11539,4.41664,1.69451,-18.5719,10.2069,-19.1542,9.27409,4.68278,1.94666
-19.0133,9.21956,4.56805,1.64847,-18.6786,9.19191,-18.9193,9.36959,4.71692,1.8751
-18.8014,9.29737,4.56568,1.55867,-19.2825,8.98189,-18.6827,9.46154,4.7494,1.80429
-18.5401,9.40785,4.65543,1.5359,-18.4242,9.46852,-18.4446,9.54996,4.78028,1.73429
-18.274,9.44863,4.8005,1.37472,-18.1634,8.72444,-18.2049,9.63492,4.80959,1.66514
-17.9732,9.58756,4.94473,1.41442,-17.7736,9.72478,-17.9639,9.71643,4.83737,1.59691
-17.7304,9.6749,4.89564,1.37087,-17.2296,9.97767,-17.7214,9.79457,4.86368,1.52964
-17.4502,9.78797,4.98766,1.37256,-17.3436,9.88109,-17.4777,9.86936,4.88856,1.46338
-17.2031,9.86537,5.00379,1.30927,-17.1554,10.212,-17.2328,9.94087,4.91205,1.39818
-16.9265,9.99123,5.08319,1.34504,-16.8876,10.145,-16.9868,10.0091,4.93421,1.33408
-16.6723,10.0599,5.09455,1.27296,-16.5958,10.1078,-16.7396,10.0743,4.95507,1.27113
-16.4237,10.1654,5.11508,1.27593,-16.5153,10.3091,-16.4915,10.1362,4.97469,1.20937
-16.1665,10.2362,5.14274,1.21487,-16.09,10.5824,-16.2424,10.1952,4.99311,1.14883
-15.9354,10.2593,5.10731,1.0696,-16.006,10.1843,-15.9924,10.2511,5.01039,1.08956
-15.6902,10.3216,5.0783,1.01806,-15.7234,10.41,-15.7416,10.3041,5.02655,1.03159
-15.4749,10.3144,5.01159,0.838661,-15.5699,10.1904,-15.4899,10.3543,5.04166,0.974957
-15.1722,10.3501,5.18577,0.731116,-14.2385,10.9109,-15.2376,10.4016,5.05576,0.919692
-14.9115,10.4056,5.20665,0.683379,-14.9365,10.4722,-14.9846,10.4462,5.06889,0.865828
-14.6738,10.4336,5.08295,0.619599,-14.724,9.63507,-14.7309,10.4882,5.0811,0.813394
-14.4343,10.4024,5.04619,0.433738,-14.4088,10.222,-14.4766,10.5276,5.09243,0.762418
-14.175,10.4259,5.05547,0.360427,-13.9005,10.5238,-14.2218,10.5645,5.10293,0.712926
-13.8633,10.5739,5.19967,0.517733,-13.8049,10.9383,-13.9665,10.5989,5.11263,0.664944
-13.6155,10.6253,5.11354,0.521825,-13.3956,10.7857,-13.7107,10.631,5.12159,0.618496
-13.3659,10.6261,5.10287,0.412293,-13.3556,10.5517,-13.4545,10.6608,5.12983,0.573603
-13.1053,10.6502,5.11857,0.35384,-12.9374,10.8137,-13.1979,10.6884,5.13741,0.530288
-12.848,10.7417,5.14726,0.421663,-12.9591,11.0099,-12.9409,10.7138,5.14436,0.48857
-12.5879,10.7876,5.13096,0.421068,-12.2518,11.2495,-12.6836,10.7373,5.15071,0.448467
-12.3541,10.7572,5.08268,0.271448,-12.3713,10.6091,-12.426,10.7587,5.15651,0.409997
-12.1044,10.7869,5.03902,0.258874,-11.9352,10.9161,-12.1681,10.7783,5.16179,0.373177
-11.8544,10.8512,5.05384,0.293707,-11.9451,11.0515,-11.91,10.7961,5.16658,0.338022
-11.5807,10.8705,5.0828,0.258358,-10.9703,10.9676,-11.6516,10.8121,5.17092,0.304546
-11.3507,10.8865,5.04588,0.210533,-11.4548,10.9407,-11.393,10.8265,5.17484,0.272761
-11.0787,10.8366,5.20126,-0.013921,-11.3472,10.5111,-11.1342,10.8394,5.17836,0.242681
-10.7809,10.8156,5.25867,-0.11146,-10.6009,10.6823,-10.8753,10.8509,5.18153,0.214317
-10.5254,10.8125,5.23734,-0.167934,-10.6563,10.8369,-10.6161,10.8609,5.18435,0.187679
-10.2928,10.8079,5.18688,-0.226913,-10.4142,10.8747,-10.3569,10.8697,5.18687,0.162776
-10.0539,10.8505,5.04762,-0.135503,-9.90413,11.2255,-10.0976,10.8772,5.1891,0.139618
-9.79077,10.8973,5.08141,-0.0937517,-9.83445,11.1032,-9.83809,10.8837,5.19106,0.118212
-9.56678,10.8752,5.00903,-0.167014,-10.195,10.3498,-9.57852,10.8891,5.19278,0.0985664
-9.30244,10.9026,5.04262,-0.152588,-9.3066,11.0348,-9.31887,10.8936,5.19428,0.0806865
-9.06285,10.8803,4.99075,-0.21014,-9.2226,10.3527,-9.05915,10.8972,5.19557,0.0645787
-8.79393,10.9126,5.03576,-0.179922,-8.78899,11.0707,-8.79937,10.9001,5.19667,0.050248
-8.55965,10.8695,4.98265,-0.274702,-8.83914,10.0319,-8.53953,10.9023,5.19759,0.0376992
-8.39818,10.794,4.80517,-0.426575,-8.62045,10.6577,-8.27965,10.9039,5.19835,0.0269359
-8.15448,10.7997,4.77799,-0.407351,-7.91543,11.1157,-8.01974,10.905,5.19896,0.0179617
-7.80548,10.8483,4.98993,-0.324412,-7.51971,11.0005,-7.75979,10.9057,5.19942,0.0107791
-7.54956,10.845,4.95561,-0.306224,-7.25987,10.6458,-7.49981,10.9061,5.19975,0.00539029
-7.26713,10.8354,5.0173,-0.325314,-7.15631,10.815,-7.23983,10.9063,5.19994,0.00179692
-7.04127,10.8603,4.90806,-0.237924,-7.39396,11.0181,-6.97983,10.9064,5.2,-7.84874e-15
